{
    "contacts": [
        {
            "id": "ak111",
            "name": "Akash Ganate",
            "photo": "https://encrypted-tbn0.gstatic.com/images?q=tbn:ANd9GcShJk_vj0wIS2WqLClrCGqp5aWzLDrv62TDzpFDg90&s",
            "mobile": "9828292929",
            "email": "akash@gmail.com",
            "title": "Software Developer",
            "company": "Google",
            "group": "1"
        },
        {
            "id": "ak113",
            "name": "Jyoti Potdar",
            "photo": "https://encrypted-tbn0.gstatic.com/images?q=tbn:ANd9GcShJk_vj0wIS2WqLClrCGqp5aWzLDrv62TDzpFDg90&s",
            "mobile": "3333333",
            "email": "Jyoti@gmail.com",
            "title": "Software Developer",
            "company": "Google US",
            "group": "2"
        },
        {
            "id": "ak114",
            "name": "Tejas Tannu",
            "photo": "https://encrypted-tbn0.gstatic.com/images?q=tbn:ANd9GcShJk_vj0wIS2WqLClrCGqp5aWzLDrv62TDzpFDg90&s",
            "mobile": "333333",
            "email": "akash@gmail.com",
            "title": "Software Developer",
            "company": "Google India",
            "group": "3"
        }
    ],
    "groups": [
        {
            "id": "1",
            "name": "colleague"
        },
        {
            "id": "2",
            "name": "family"
        },
        {
            "id": "3",
            "name": "Service"
        }
    ]
}